Name,Werkstoff,z_Wert,Welle,beta_sigma,beta_tau,K_ges_sigma,K_ges_tau,sigma_bWK,tau_bWK,sigma_bFK,tau_tFK,sigma_bADK,tau_tADK,S_F,S_D,anderes
Absatz,42CrMo4,40,Test,1.5286109229488496,1.267398536294216,1.797491878276123,1.4778050705358954,266.61397066191824,194.57361046648515,943.2056256410231,518.6285922523944,266.61397066191824,194.57361046648515,90.42870679743659,25.561294298580535,50.0;42.0;5;4.0
