Name,Werkstoff,z_Wert,Welle,beta_sigma,beta_tau,K_ges_sigma,K_ges_tau,sigma_bWK,tau_bWK,sigma_bFK,tau_tFK,sigma_bADK,tau_tADK,S_F,S_D,anderes
Absatz,42CrMo4,40,Test,1.5286109229488496,1.267398536294216,1.797491878276123,1.4778050705358954,266.61397066191824,194.57361046648515,943.2056256410231,518.6285922523944,266.61397066191824,194.57361046648515,90.42870679743659,25.561294298580535,50.0;42.0;5;4.0
Absatz,42CrMo4,40,Test,1.9466852717143772,1.466714203743617,2.276196482987557,1.7060260271214736,210.5426532733845,168.54483083415127,943.2056256410231,518.6285922523944,210.5426532733845,168.54483083415127,90.42870679743659,20.18552407198998,50.0;42.0;2;4.0
Absatz,42CrMo4,40,Test,5.159412971808408,3.1093065847409793,5.954842513915252,3.5868315316188397,80.478441836181,80.1659809235791,1033.0347328449297,518.6285922523944,80.478441836181,80.1659809235791,99.04096458766863,7.715773975979604,50.0;42.0;0.1;4.0
Absatz,42CrMo4,40,Test,5.159412971808408,3.1093065847409793,5.954842513915252,3.5868315316188397,80.478441836181,80.1659809235791,1033.0347328449297,518.6285922523944,80.478441836181,80.1659809235791,99.04096458766863,7.715773975979604,50.0;42.0;0.1;4.0
Absatz,42CrMo4,40,Test,5.159412971808408,3.1093065847409793,5.954842513915252,3.5868315316188397,80.478441836181,80.1659809235791,1033.0347328449297,518.6285922523944,80.478441836181,80.1659809235791,99.04096458766863,7.715773975979604,50.0;42.0;0.1;4.0
Absatz,42CrMo4,40,Test,5.159412971808408,3.1093065847409793,5.954842513915252,3.5868315316188397,80.478441836181,80.1659809235791,1033.0347328449297,518.6285922523944,80.478441836181,80.1659809235791,99.04096458766863,7.715773975979604,50.0;42.0;0.1;4.0
Absatz,42CrMo4,40,Test,5.159412971808408,3.1093065847409793,5.954842513915252,3.5868315316188397,80.478441836181,80.1659809235791,1033.0347328449297,518.6285922523944,80.478441836181,80.1659809235791,99.04096458766863,7.715773975979604,50.0;42.0;0.1;4.0
Absatz,42CrMo4,40,Test,5.159412971808408,3.1093065847409793,5.954842513915252,3.5868315316188397,80.478441836181,80.1659809235791,1033.0347328449297,518.6285922523944,80.478441836181,80.1659809235791,99.04096458766863,7.715773975979604,50.0;42.0;0.1;4.0
