Name,Werkstoff,z_Wert,Welle,beta_sigma,beta_tau,K_ges_sigma,K_ges_tau,sigma_bWK,tau_bWK,sigma_bFK,tau_tFK,sigma_bADK,tau_tADK,S_F,S_D,Biegespannung,Torsionsspannung,anderes
umlaufende Rundnut,42CrMo4,40,Testwelle,2.043060501605751,1.5380481784776219,2.3865483054931715,1.7877050449286354,200.80735252526725,160.8441330719221,988.1201792429766,518.6285922523944,200.80735252526725,160.8441330719221,10.430378350470454,0.0,94.73483569255264,19.252163802496195,10;1;2
