Name,Werkstoff,z_Wert,Welle,beta_sigma,beta_tau,K_ges_sigma,K_ges_tau,sigma_bWK,tau_bWK,sigma_bFK,tau_tFK,sigma_bADK,tau_tADK,S_F,S_D,Biegespannung,Torsionsspannung,anderes
Pressverbindung,42CrMo4,482,Abtriebswelle,2.434797572083934,1.6826184218545572,3.0844858806562163,2.126438111299989,127.457827122946,110.92969018491742,744.9361075457857,390.99005656421036,127.457827122946,110.92969018491742,23.504805743348044,6.6399932825154435,2.228960445460541,-16.593282499700763,200.0
Absatz,42CrMo4,155,Abtriebswelle,2.0401951098224074,1.5592467956821316,2.5985490213045788,1.9517568871107835,153.8109098628303,122.86935691514881,763.4184731330538,400.69078269791066,153.8109098628303,122.86935691514881,inf,inf,0.0,0.0,180.0;90.0;5;45.0
umlaufende Rechtecknut,42CrMo4,159,Abtriebswelle,6.50862812760004,4.4476182215509406,8.288360783373776,5.641911306137954,48.22246518175005,42.50529662051211,798.1193128209198,400.69078269791066,48.22246518175005,42.50529662051211,inf,inf,0.0,0.0,3;0.1;2;180.0
Absatz,42CrMo4,205,Abtriebswelle,1.7861509537436908,1.4135142435418395,2.3852643160533393,1.8492813336265788,167.56431838604118,129.6780047542724,728.7176334451877,400.69078269791066,167.56431838604118,129.6780047542724,2029.7697164682875,466.7335651158212,0.35901493037994736,0.0,180.0;120.0;10;30.0
Absatz,42CrMo4,402,Abtriebswelle,2.2070458278949063,1.6404106698925316,2.8588568704396207,2.0943543142077345,137.51715666667582,112.6290424135521,744.9361075457857,390.99005656421036,137.51715666667582,112.6290424135521,69.23405558147327,12.780788005341282,10.759677463487021,0.0,200.0;120.0;5;40.0
Pressverbindung,42CrMo4,482,Abtriebswelle,2.434797572083934,1.6826184218545572,3.0844858806562163,2.126438111299989,127.457827122946,110.92969018491742,744.9361075457857,390.99005656421036,127.457827122946,110.92969018491742,23.504805743348044,6.6399932825154435,2.228960445460541,-16.593282499700763,200.0
Absatz,42CrMo4,482,Abtriebswelle,3.648734390072528,2.2686284165299124,4.711402309445356,2.917112660450122,83.44476703924909,80.86253372453251,778.7968397069577,390.99005656421036,83.44476703924909,80.86253372453251,23.50975227275344,4.832438626345638,2.228960445460541,-16.593282499700763,200.0;180.0;1;10.0
