Name	Werkstoff	z_Wert	Welle	beta_sigma	beta_tau	K_ges_sigma	K_ges_tau	sigma_bWK	tau_bWK	sigma_bFK	tau_tFK	sigma_bADK	tau_tADK	S_F	S_D	Biegespannung	Torsionsspannung	anderes	Neigung_FLX	Neigung_FLY	Neigung_LLX	Neigung_LLY	verfx	verfy	verfxPM	verfyPM	verfges	verfgesPM
Pressverbindung	42CrMo4	482	Abtriebswelle	2.597	1.79	3.129	2.151	139.409	121.664	866.528	454.809	139.409	121.664	24.865	4.002	34.828	-0.648	80.0	9e-06	0.000347	-0.000107	-0.000697	0.068874	0.007878	0.174364	0.019943	0.091085	0.230596
Absatz	42CrMo4	155	Abtriebswelle	1.658	1.325	2.095	1.63	218.73	168.672	886.865	487.649	218.73	168.672	\infty	\infty	0.0	0.0	70.0;60.0;5;5.0	9e-06	0.000347	-0.000107	-0.000697	0.068874	0.007878	0.174364	0.019943	0.091085	0.230596
umlaufende Rechtecknut	42CrMo4	159	Abtriebswelle	6.849	4.628	8.22	5.53	55.759	49.725	971.328	487.649	55.759	49.725	\infty	\infty	0.0	0.0	3;0.1;2;70.0	9e-06	0.000347	-0.000107	-0.000697	0.068874	0.007878	0.174364	0.019943	0.091085	0.230596
Absatz	42CrMo4	205	Abtriebswelle	1.276	1.171	1.668	1.467	271.679	185.425	831.518	480.077	271.679	185.425	136.218	44.506	6.104	0.0	76.0;70.0;10;3.0	9e-06	0.000347	-0.000107	-0.000697	0.068874	0.007878	0.174364	0.019943	0.091085	0.230596
Absatz	42CrMo4	402	Abtriebswelle	1.4	1.223	1.824	1.537	246.778	175.692	823.338	475.355	246.778	175.692	19.439	5.826	42.355	0.0	80.0;76.0;5;2.0	9e-06	0.000347	-0.000107	-0.000697	0.068874	0.007878	0.174364	0.019943	0.091085	0.230596
Pressverbindung	42CrMo4	482	Abtriebswelle	2.597	1.79	3.129	2.151	139.409	121.664	866.528	454.809	139.409	121.664	24.865	4.002	34.828	-0.648	80.0	9e-06	0.000347	-0.000107	-0.000697	0.068874	0.007878	0.174364	0.019943	0.091085	0.230596
Absatz	42CrMo4	482	Abtriebswelle	3.038	2.031	3.772	2.5	115.642	104.671	905.916	454.809	115.642	104.671	25.994	3.32	34.828	-0.648	100.0;80.0;1;10.0	9e-06	0.000347	-0.000107	-0.000697	0.068874	0.007878	0.174364	0.019943	0.091085	0.230596
