Name	Werkstoff	z_Wert	Welle	beta_sigma	beta_tau	K_ges_sigma	K_ges_tau	sigma_bWK	tau_bWK	sigma_bFK	tau_tFK	sigma_bADK	tau_tADK	S_F	S_D	Biegespannung	Torsionsspannung	anderes	Neigung_FLX	Neigung_FLY	Neigung_LLX	Neigung_LLY	verfx	verfy	verfxPM	verfyPM	verfges	verfgesPM
Absatz	42CrMo4	155	Abtriebswelle	1.658	1.325	2.095	1.63	218.73	168.672	886.865	487.649	218.73	168.672	\infty	\infty	0.0	0.0	70.0;60.0;5;5.0	9.168591381543825e-06	0.00034749938533097435	-0.00010655106469334404	-0.0006968473930314024	0.06887361706979045	0.007877567914387363	0.17436358751845682	0.019943209909841424	0.09108527357311279	0.2305956292990197
Absatz	42CrMo4	402	Abtriebswelle	1.4	1.223	1.824	1.537	246.778	175.692	823.338	475.355	246.778	175.692	19.439	5.826	42.355	0.0	80.0;76.0;5;2.0	9.168591381543825e-06	0.00034749938533097435	-0.00010655106469334404	-0.0006968473930314024	0.06887361706979045	0.007877567914387363	0.17436358751845682	0.019943209909841424	0.09108527357311279	0.2305956292990197
Absatz	42CrMo4	482	Abtriebswelle	3.038	2.031	3.772	2.5	115.642	104.671	905.916	454.809	115.642	104.671	25.994	3.32	34.828	-0.648	100.0;80.0;1;10.0	9.168591381543825e-06	0.00034749938533097435	-0.00010655106469334404	-0.0006968473930314024	0.06887361706979045	0.007877567914387363	0.17436358751845682	0.019943209909841424	0.09108527357311279	0.2305956292990197
